{
  "type": "minecraft:tree",
  "config": {
    "ignore_vines": true,
    "force_dirt": false,
    "minimum_size": {
      "type": "minecraft:two_layers_feature_size",
      "limit": 2,
      "lower_size": 0,
      "upper_size": 2
    },
    "dirt_provider": {
      "type": "minecraft:simple_state_provider",
      "state": {
        "Name": "minecraft:mangrove_roots"
      }
    },
    "trunk_provider": {
      "type": "minecraft:simple_state_provider",
      "state": {
        "Name": "minecraft:mangrove_log",
        "Properties": {
          "axis": "y"
        }
      }
    },
    "foliage_provider": {
      "type": "minecraft:simple_state_provider",
      "state": {
        "Name": "minecraft:mangrove_leaves",
        "Properties": {
          "distance": "7",
          "persistent": "false",
          "waterlogged": "false"
        }
      }
    },
    "root_placer": {
      "type": "minecraft:mangrove_root_placer",
      "root_provider": {
        "type": "minecraft:simple_state_provider",
        "state": {
          "Name": "minecraft:mangrove_roots",
          "Properties": {
            "waterlogged": "false"
          }
        }
      },
      "trunk_offset_y": {
        "type": "minecraft:uniform",
        "value": {
          "min_inclusive": 0,
          "max_inclusive": 5
        }
      },
      "above_root_placement": {
        "above_root_provider": {
          "type": "minecraft:simple_state_provider",
          "state": {
            "Name": "minecraft:moss_carpet"
          }
        },
        "above_root_placement_chance": 0.5
      },
      "mangrove_root_placement": {
        "max_root_width": 12,
        "max_root_length": 64,
        "random_skew_chance": 0.1,
        "can_grow_through": "#minecraft:mangrove_roots_can_grow_through",
        "muddy_roots_in": [
          "minecraft:mud",
          "minecraft:muddy_mangrove_roots"
        ],
        "muddy_roots_provider": {
          "type": "minecraft:simple_state_provider",
          "state": {
            "Name": "minecraft:muddy_mangrove_roots",
            "Properties": {
              "axis": "y"
            }
          }
        }
      }
    },
    "trunk_placer": {
      "type": "minecraft:fancy_trunk_placer",
      "base_height": 7,
      "height_rand_a": 1,
      "height_rand_b": 2
    },
    "foliage_placer": {
      "type": "minecraft:random_spread_foliage_placer",
      "radius": 3,
      "offset": 0,
      "foliage_height": 2,
      "leaf_placement_attempts": 70
    },
    "decorators": [
      {
        "type": "minecraft:leave_vine",
        "probability": 0.125
      },
      {
        "type": "minecraft:attached_to_leaves",
        "probability": 0.14,
        "exclusion_radius_xz": 1,
        "exclusion_radius_y": 0,
        "required_empty_blocks": 2,
        "block_provider": {
          "type": "minecraft:randomized_int_state_provider",
          "property": "age",
          "values": {
            "type": "minecraft:uniform",
            "value": {
              "min_inclusive": 0,
              "max_inclusive": 4
            }
          },
          "source": {
            "type": "minecraft:simple_state_provider",
            "state": {
              "Name": "minecraft:mangrove_propagule",
              "Properties": {
                "age": "0",
                "hanging": "true",
                "stage": "0",
                "waterlogged": "false"
              }
            }
          }
        },
        "directions": [
          "down"
        ]
      },
      {
        "type": "minecraft:beehive",
        "probability": 0.01
      }
    ]
  }
}
